observation_date,NCRGSP
1997-01-01,340580.3
1998-01-01,351977.9
1999-01-01,372030.3
2000-01-01,384115.3
2001-01-01,387433.9
2002-01-01,393685.9
2003-01-01,404582.5
2004-01-01,420579.4
2005-01-01,442305.6
2006-01-01,470663.9
2007-01-01,477920.8
2008-01-01,492688.8
2009-01-01,473610.5
2010-01-01,482030.4
2011-01-01,484200.3
2012-01-01,488126.5
2013-01-01,497456.6
2014-01-01,509782.4
2015-01-01,525229.1
2016-01-01,536308.5
2017-01-01,546810.1
2018-01-01,556573.7
2019-01-01,567975.0
2020-01-01,564278.8
2021-01-01,599293.8
2022-01-01,620666.5
2023-01-01,643045.8
2024-01-01,664131.6
2025-01-01,682393.2
